nome do quimico,absorbancia_media,concentracao_mg/L
Permanganato de Potássio,0.000,0
Permanganato de Potássio,0.0538,1
Permanganato de Potássio,0.0920,2
Permanganato de Potássio,0.1300,3
Permanganato de Potássio,0.1802,4 $
Permanganato de Potássio,0.2078,5 $
Permanganato de Potássio,0.2640,6 $
Permanganato de Potássio,0.3240,7 $
Permanganato de Potássio,0.3528,8 $
Permanganato de Potássio,0.3802,9 $
Permanganato de Potássio,0.4300,10 $
Permanganato de Potássio,0.8806,20 $
Permanganato de Potássio,1.5758,40 #
Permanganato de Potássio,2.0616,60